id,email,age,date_of_birth,gender,registerId,first_name,phone_number,last_name
1,prabhu@gmail.com,24,2000-11-12,1,100,Johnathan,+91 99592-66125,Jonathan
2,sda@gmal.c,“sdasd”,2001-09-17,0,7,Doland,+91 99592-66125,Colleen
3,asdkj@gmail.in,23,“sdsdsd”,2,100,Loura Brehm,+91 68021-55224,Ricky
4,sdadfds@gmail.com,90,1999-04-03,100,7,Martin,+91 40225-51717,Martin
5,,,,,,Loren,+91 86026-59317,Loren
,,,,,,Laura,+91 30367-84307,Laura
,,,,,,Gertrude,+91 96527-08156,Gertrude
,,,,,,Gertrude,+91 99592-66125,Dolores
,,,,,,Akshay Chandrakant Prabhu,+91 68021-55224,Lloyd
,,,,,,s/o Chandrakant. G Prabhu,+91 14930-62116,Jonathan
,,,,,,Colleen,+91 74390-76280,Colleen
,,,,,,Ricky,+91 08580-21538,Ricky
,,,,,,Luther,+91 38349-71548,Dwayne
,,,,,,Luther,+91 70826-70085,Luther
,,,,,,Stephen,+91 37834-90088,Stephen
,,,,,,Amos,+91 90496-98660,Amos
,,,,,,Timothy,+91 15653-53617,Timothy
,,,,,,Charlene,+91 56191-79239,Charlene
,,,,,,Moses,+91 63141-39127,Moses
,,,,,,Randal,+91 72724-62011,Randal
,,,,,,Stella,+91 95538-05962,Stella
,,,,,,Jeanne,+91 10589-56873,Jeanne
,,,,,,Luther,+91 01475-11192,Luther
,,,,,,Blake,+91 47424-39847,Blake
,,,,,,Traci,+91 86891-55464,Traci
,,,,,,Aaron,+91 39442-79376,Aaron
,,,,,,Preston,+91 84754-63052,Preston
,,,,,,Rex,+91 98702-10787,Rex
,,,,,,Warren,+91 92944-98685,Warren
,,,,,,Genevieve,+91 68018-86575,Genevieve
,,,,,,Claudia,+91 65291-60516,Claudia
,,,,,,Shannon,+91 29711-03392,Shannon
,,,,,,Elaine,+91 66418-91121,Elaine
,,,,,,Winston,+91 55409-03256,Winston
,,,,,,Hector,+91 63998-44714,Hector
,,,,,,Gertrude,+91 12175-44929,Gertrude
,,,,,,Maxine,+91 15044-37522,Maxine
,,,,,,Claudia,+91 49862-54139,Claudia
,,,,,,Lowell,+91 98145-67063,Lowell
,,,,,,Amelia,+91 75086-24887,Amelia
,,,,,,Ben,+91 13197-56639,Ben
,,,,,,Darrell,+91 64240-87588,Darrell
,,,,,,Della,+91 96581-05005,Della
,,,,,,Craig,+91 95158-58816,Craig
,,,,,,Stephanie,+91 84660-28137,Stephanie
,,,,,,Adrian,+91 94406-02233,Adrian
,,,,,,Grace,+91 84575-23573,Grace
,,,,,,Darrell,+91 86462-67091,Darrell
,,,,,,Ron,+91 51187-92558,Ron
,,,,,,Maureen,+91 73085-68209,Maureen
,,,,,,Marjorie,+91 71922-87691,Marjorie
,,,,,,Candace,+91 32454-74716,Candace
,,,,,,Theresa,+91 81444-56387,Theresa
,,,,,,Tiffany,+91 84847-08169,Tiffany
,,,,,,Erin,+91 14427-29474,Erin
,,,,,,Jonathon,+91 55885-50833,Jonathon
,,,,,,Steve,+91 35607-23971,Steve
,,,,,,Jeanette,+91 98192-39792,Jeanette
,,,,,,Felipe,+91 24200-61663,Felipe
,,,,,,Alice,+91 26991-44134,Alice
,,,,,,Guadalupe,+91 04212-96262,Guadalupe
,,,,,,Henrietta,+91 88909-51894,Henrietta
,,,,,,Rex,+91 21783-98651,Rex
,,,,,,Sophie,+91 90091-00702,Sophie
,,,,,,Eric,+91 67022-20246,Eric
,,,,,,Rudy,+91 58713-40155,Rudy
,,,,,,Delbert,+91 38363-98492,Delbert
,,,,,,Bennie,+91 28425-79654,Bennie
,,,,,,Clara,+91 05955-03283,Clara
,,,,,,Brandy,+91 21655-68994,Brandy
,,,,,,Alyssa,+91 45919-07042,Alyssa
,,,,,,Camille,+91 68236-78420,Camille
,,,,,,Doug,+91 24419-44892,Doug
,,,,,,Duane,+91 31007-87776,Duane
,,,,,,Meghan,+91 64603-15497,Meghan
,,,,,,Leland,+91 56908-36650,Leland
,,,,,,Kimberly,+91 44748-54261,Kimberly
,,,,,,Wendy,+91 94677-47550,Wendy
,,,,,,Brenda,+91 95899-55313,Brenda
,,,,,,Orlando,+91 41851-40788,Orlando
,,,,,,Viola,+91 87660-05332,Viola
,,,,,,Patricia,+91 44656-26519,Patricia
,,,,,,Kenneth,+91 71545-52416,Kenneth
,,,,,,Krystal,+91 88706-31948,Krystal
,,,,,,Sherri,+91 17146-21203,Sherri
,,,,,,Joy,+91 74582-53564,Joy
,,,,,,Darrin,+91 17337-96270,Darrin
,,,,,,Norman,+91 89381-89399,Norman
,,,,,,Edward,+91 04535-06406,Edward
,,,,,,Darrel,+91 06108-17756,Darrel
,,,,,,Lorenzo,+91 44669-88464,Lorenzo
,,,,,,Edward,+91 21733-75687,Edward
,,,,,,Kenny,+91 11021-55559,Kenny
,,,,,,Calvin,+91 95819-87392,Calvin
,,,,,,Guy,+91 11393-80478,Guy
,,,,,,Elisa,+91 78304-74780,Elisa
,,,,,,abcd,+91 33358-25848,Carlton
,,,,,,Anayasavagi Sikkenu,+91 63005-12178,Patti
,,,,,,Taja samachara,+91 28292-05248,Daryl
,,,,,,Helalli Nanu,+91 72377-51210,Gayle
,,,,,,Helalli Nanu,+91 72377-51210,Carl
,,,,,,Helalli Nanu,+91 72377-51210,Carl
,,,,,,Helalli Nanu,+91 72377-51210,Carl
